id,password,last_login,is_superuser,first_name,last_name,is_staff,is_active,date_joined,email,phone_number
1,pbkdf2_sha256$150000$WQ78FPiK9VUP$TcBtlB3/0qAYLgR+stv8wdKPN50oHM39XMVlgtaz1Lk=,2019-12-31 03:40:53.367333,1,Derrick,Kearney,1,1,2019-12-27 16:46:13.001000,diek@derrick.ca,+19020000000
2,pbkdf2_sha256$150000$hg5LdCOJ0yfj$2xw479FiWqRBIJcPpb7abX/rQegP1be2DpFXzFIgBBs=,2019-12-30 21:01:22.779000,0,Barney,Rubble,0,1,2019-12-28 03:24:40.063000,barney@bedrock.com,+19028175555
3,pbkdf2_sha256$150000$OUp7rH1BjCRW$bBDp/nX1KeAqrCMa7Brv2Kq7C3EQeZmhWIxE8rzPa2Q=,2019-12-30 21:01:23.278000,0,Fred,Flintstone,0,1,2019-12-28 03:26:35.196000,fred@bedrock.com,+12125552368
4,pbkdf2_sha256$150000$Wyy8hbuiD80m$Se8oNFaLXZuHaDfAU3iuZweWlTKsFvVJ6+BzNcV/FYI=,2019-12-28 02:52:31.054000,1,Marco,Turk,1,1,2019-12-28 02:43:00.874000,marco.py@yahoo.com,+19020000000
5,pbkdf2_sha256$150000$nO2q6AJFemwX$O2EJibhPzF0nBLDyET+OwoyBnosh4+X2F0PVx+8qh3Q=,2019-12-30 21:01:22.679000,0,Bradley,Soto,0,1,2019-12-29 21:01:21.679000,bradley.soto@bush.org,+17801378316
6,pbkdf2_sha256$150000$en2XprcSVutO$0q8Evh/fRRlFYh0DcMQQJum7uj8enfPaV/0MICZ3v4Y=,2019-12-30 21:01:22.779000,0,Elizabeth,Berry,0,1,2019-12-27 21:01:21.779000,elizabeth.berry@hernandez.com,+17473459753
7,pbkdf2_sha256$150000$ZHZR1T8jJx7N$uRy+r8rfgo+KoC8kZ37JPPlY7ehQc7EQExEOnCOh2fw=,2019-12-30 21:01:22.863000,0,Lori,Gibson,0,1,2019-12-29 21:01:21.863000,lori.gibson@yahoo.com,+15636680188
8,pbkdf2_sha256$150000$4NqBWxjHDxzl$hBAFBXECR+OzKta6sBSfRRi8uGJGPCqenE9VMdapOCA=,2019-12-30 21:01:22.940000,0,Nancy,Martin,0,1,2019-12-26 21:01:21.940000,nancy.martin@morgan-espinoza.net,+14752064555
9,pbkdf2_sha256$150000$vhGqxFw6FDbt$jdpSfCy9nJ1NqvSdOB9hXUI7hXoUXjZYKD+19nFKFCU=,2019-12-30 21:01:23.018000,0,Kelly,Howard,0,1,2019-12-26 21:01:22.018000,kelly.howard@huff.info,+13671258860
10,pbkdf2_sha256$150000$FxqXjnESZiY6$1BqYFO9b6g5X1VMzu/COYCbMSDVdruvVBdGAUA+8wjI=,2019-12-30 21:01:23.120000,0,Jose,Smith,0,1,2019-12-25 21:01:22.120000,jose.smith@yahoo.com,+13116842112
11,pbkdf2_sha256$150000$t58KZzmA3Ze1$QrH3kpMRKPthJ8+B92xQokFPmsQMB+bgA2lkpYhx5EA=,2019-12-30 21:01:23.200000,0,Gregory,Jordan,0,1,2019-12-29 21:01:22.200000,gregory.jordan@brown-holmes.com,+11109782511
12,pbkdf2_sha256$150000$Ykb0y8pRYWeG$nokaEdawH2bU8CI2aFQTzUA5NasUWXMbxB/50otq1Qo=,2019-12-30 21:01:23.278000,0,Rachael,Maynard,0,1,2019-12-29 21:01:22.278000,rachael.maynard@carter.net,+11363904587
13,pbkdf2_sha256$150000$dWUxCseHmtGg$iIf9jcNSHaL5stmGWFCg6Jge0BPKwVbcjckJxYIxoNU=,2019-12-30 21:01:23.355000,0,Travis,Garrison,0,1,2019-12-29 21:01:22.355000,travis.garrison@gmail.com,+12625101241
14,pbkdf2_sha256$150000$jA7YoJMX5VG8$69DbAghTIOQQebfol391klUFmBYPahRS6VIp2kj01Mk=,2019-12-30 21:01:23.435000,0,Veronica,Johnson,0,1,2019-12-26 21:01:22.435000,veronica.johnson@garrett.info,+11235937730
15,pbkdf2_sha256$150000$ccYScAjEEWny$auebplG2lFQ7F7pifVPpaVKJIafFcrHKMxOvxB8IgbI=,2019-12-30 21:01:23.513000,0,Douglas,Anthony,0,1,2019-12-28 21:01:22.513000,douglas.anthony@stephens.com,+19560854342
16,pbkdf2_sha256$150000$HwaswlzDafDv$7Kw5XH+NvCG2m8arWgCmTghxR9iizR9jLlbKiqi2q8s=,2019-12-30 21:01:23.591000,0,William,Aguilar,0,1,2019-12-27 21:01:22.591000,william.aguilar@hotmail.com,+16128862872
17,pbkdf2_sha256$150000$NHJfYjO6P2f6$ay38FsFA3QjfV3Dc8xdkFSxhF6dyPGZZVqOhmHHsxgo=,2019-12-30 21:01:23.669000,0,Emily,Douglas,0,1,2019-12-25 21:01:22.669000,emily.douglas@gmail.com,+11358365934
18,pbkdf2_sha256$150000$lD1S7OILYI29$pN2YLKC7oeIXHzK53whxjLafPYeIlOz+eZCWezpxLjU=,2019-12-30 21:01:23.746000,0,Michael,Bennett,0,1,2019-12-27 21:01:22.746000,michael.bennett@smith-warren.com,+13958480268
19,pbkdf2_sha256$150000$vop69ihFuyhF$T1fItFIfpR2GCIPimVbGmVMGmyLTO0Qwi+4B0f4Oj/c=,2019-12-30 21:01:23.825000,0,Brandon,Page,0,1,2019-12-28 21:01:22.825000,brandon.page@lawson.com,+16315763029
20,pbkdf2_sha256$150000$UcfGSmkdi461$bw/6cJpyf8rqN3p+uI43hJBvxb6i9he9qECYQhWKGFA=,2019-12-30 21:01:23.906000,0,Brian,Johnson,0,1,2019-12-25 21:01:22.906000,brian.johnson@terrell.biz,+19485886855
21,pbkdf2_sha256$150000$fJI5NJg4xLJa$U/yjiB+8b0YaZ5MlKFVu5mhr+ClbC/A8ZzutzVqct3Y=,2019-12-30 21:01:23.985000,0,Eugene,Reid,0,1,2019-12-27 21:01:22.985000,eugene.reid@mack-fernandez.com,+12255693187
22,pbkdf2_sha256$150000$dpHZ6enCImvM$wzG3kyWRyfOygMDs3w9JvXT2BpgEBLb0ZJrpci4JvbU=,2019-12-30 21:01:24.061000,0,Sabrina,Murray,0,1,2019-12-26 21:01:23.061000,sabrina.murray@carpenter-lucero.com,+18219618984
23,pbkdf2_sha256$150000$5J5lZPewxfNc$OPzIxJ23gibVggqNtKUhRDU9oqWSJnN9nj361CBLYKY=,2019-12-30 21:01:24.138000,0,Elizabeth,Anderson,0,1,2019-12-29 21:01:23.138000,elizabeth.anderson@barnes.org,+17685596236
24,pbkdf2_sha256$150000$bwMELUD926H5$4mD1QarRF6f05XWRT93UeGe3Cw3Ip/UNspbI+lWcNwI=,2019-12-30 21:01:24.215000,0,Robin,Webb,0,1,2019-12-27 21:01:23.215000,robin.webb@gmail.com,+17077049261
25,pbkdf2_sha256$150000$DKD2I4cYWVsZ$lb409mRAzJXmOIp3wVfE8eztDbHSaT4eWyuTFXlHXQY=,2019-12-30 21:57:19.056000,0,Ashley,Wolfe,0,1,2019-12-25 21:57:18.056000,ashley.wolfe@yahoo.com,+18402240278
26,pbkdf2_sha256$150000$orUTNWPqUmjn$mPHybUMXPrQ9lOP4ZXYleq072RRVyXguUT8gXpcsWSo=,2019-12-30 21:57:19.166000,0,Nicole,Barber,0,1,2019-12-25 21:57:18.166000,nicole.barber@johnson-richardson.info,+14929768519
27,pbkdf2_sha256$150000$dHZkpnZRBsCB$BCHFSc6GUS30rwCmL3+JK7BgN7V+21cXK58XKz6EG2U=,2019-12-30 21:57:19.243000,0,Martha,Noble,0,1,2019-12-25 21:57:18.243000,martha.noble@romero-gonzalez.com,+16532930810
28,pbkdf2_sha256$150000$nLjGiq317Lme$ZPyke9DQZVdEI5cT3M30c3gfxpsYkLq6L4c/4/v9yq4=,2019-12-30 21:57:19.320000,0,Rebecca,Hoffman,0,1,2019-12-26 21:57:18.320000,rebecca.hoffman@mcgee.net,+14354924130
29,pbkdf2_sha256$150000$ftjnnGYhZ5zg$D34ecLF32Q8ISUkuyQ+MO+GrYn0VfBIuCdLzR/v+N3I=,2019-12-30 21:57:19.399000,0,Jimmy,Sandoval,0,1,2019-12-28 21:57:18.399000,jimmy.sandoval@price.com,+15807811513
30,pbkdf2_sha256$150000$PHQUw9tHT6Rs$rXwSiVRYlen2RcPaqf34vy6rmz6fpfKjM+xvyHZmtXs=,2019-12-30 21:57:19.476000,0,Matthew,Chung,0,1,2019-12-26 21:57:18.476000,matthew.chung@howard.com,+18377522865
31,pbkdf2_sha256$150000$OkehqVEOB5cp$i6xnvz6aGU3R6NRiYGroZOpEHxzDlPUWsjVNDL35O3U=,2019-12-30 21:57:19.552000,0,Felicia,May,0,1,2019-12-25 21:57:18.552000,felicia.may@gmail.com,+14372608278
32,pbkdf2_sha256$150000$tEBNzL6QYS4m$+3UYeufslILguWN3PNnlOrcXvnS4X11MkuXxJY253MU=,2019-12-30 21:57:19.630000,0,Erin,Brewer,0,1,2019-12-26 21:57:18.630000,erin.brewer@holmes-gray.com,+16628495867
33,pbkdf2_sha256$150000$G3JPANeZ7j9I$I872UEu1o/DZXJxC5SAB7a59V9e8GJBbJ5Oco11g7IQ=,2019-12-30 21:57:19.708000,0,Gary,Stewart,0,1,2019-12-27 21:57:18.708000,gary.stewart@phillips.info,+15610701302
34,pbkdf2_sha256$150000$RLiAijDFzoab$dkTN6ad4Z4wiYHo36NQ9mJ3/BjoDXRAVuTyHCqns53g=,2019-12-30 21:57:19.784000,0,Patrick,Welch,0,1,2019-12-27 21:57:18.784000,patrick.welch@hotmail.com,+19989587017
